{"Male-Male": [[0.3827510548523207, 0.18549683544303797, 0.11710727848101267, 0.21196286919831223, 0.2647295358649789], [0.15645106761565836, 0.2504, 0.22002019572953738, 0.15496725978647688, 0.2922950177935943], [0.06895509316770186, 0.15360416149068323, 0.2667, 0.17312453416149068, 0.23198416149068324], [0.15698499999999999, 0.136080625, 0.217758203125, 0.2621, 0.2105809375], [0.1258593781344032, 0.1647640922768305, 0.1873091775325978, 0.13517733199598797, 0.40559277833500507]], "Male-Female": [[0.29400443037974683, 0.11944177215189873, 0.14986265822784808, 0.24792499999999998, 0.186059388185654], [0.14729537366548043, 0.19656281138790035, 0.15281396797153024, 0.14133425266903915, 0.26825151245551604], [0.05214465838509317, 0.18412515527950313, 0.2799608695652174, 0.11364888198757765, 0.2572152173913043], [0.1337984375, 0.10896640624999998, 0.24831445312499997, 0.287615703125, 0.230862109375], [0.12759172517552658, 0.1265623370110331, 0.18168926780341024, 0.1679861584754263, 0.5300644934804414]], "Female-Male": [[0.35102795969773304, 0.20851385390428212, 0.10573413098236775, 0.21569521410579345, 0.3204255667506297], [0.1451676923076923, 0.2832520512820513, 0.3800532051282052, 0.17881666666666662, 0.3235452564102564], [0.09664612244897958, 0.11684551020408164, 0.3066238095238095, 0.21621938775510202, 0.24645469387755103], [0.2511035256410256, 0.1697219017094017, 0.1954857905982906, 0.39332061965811965, 0.3578679487179488], [0.08663276031434185, 0.14809169941060904, 0.20339710216110019, 0.14513924361493125, 0.5191299607072692]], "Female-Female": [[0.2863, 0.12076612090680101, 0.15622569269521414, 0.30112292191435774, 0.23461586901763226], [0.12293371794871795, 0.12617564102564102, 0.20128064102564103, 0.18573807692307692, 0.3175533333333333], [0.08438312925170069, 0.10680197278911564, 0.1887, 0.12780979591836736, 0.266781768707483], [0.25543974358974364, 0.15478173076923077, 0.20072692307692308, 0.1772, 0.3052324786324786], [0.09149557956777997, 0.12165599214145383, 0.19261748526522593, 0.1403229862475442, 0.312]]}