{"home": [[0.36004848484848484, 0.46496060606060613, 0.06267878787878788, 0.06124090909090909, 0.20971818181818183, 0.3461727272727273, 0.48367727272727273, 0.7166318181818182, 0.2771348484848485, 0.288159090909091], [0.33355869565217394, 0.4361999999999999, 0.14684456521739134, 0.08778260869565217, 0.14184999999999998, 0.28215, 0.29141739130434785, 0.36042608695652173, 0.22977826086956524, 0.21438478260869567], [0.05171, 0.16887125000000003, 0.215815, 0.8817237499999999, 0.1413225, 0.19795000000000001, 0.10306249999999999, 0.23224, 0.26954, 0.460195], [0.03545526315789474, 0.0708421052631579, 0.6187535087719298, 0.24113157894736842, 0.35682807017543855, 0.17751578947368424, 0.06933596491228071, 0.17671052631578946, 0.3325447368421053, 0.4752447368421053], [0.138414, 0.13050199999999998, 0.11305799999999999, 0.406784, 0.03857, 0.7323, 0.06044000000000001, 0.12888, 0.164829, 0.19949000000000003], [0.228474, 0.25957800000000003, 0.15836, 0.20236800000000002, 0.7323, 0.159344, 0.300252, 0.127134, 0.220336, 0.45935000000000004], [0.4987921875, 0.4189125, 0.128828125, 0.1235046875, 0.09443750000000001, 0.46914375, 0.090896875, 0.8812875, 0.141071875, 0.18834375], [0.4547855769230769, 0.3188384615384615, 0.17864615384615384, 0.19370192307692308, 0.12392307692307693, 0.12224423076923077, 0.5423307692307693, 0.15836153846153847, 0.44293461538461537, 0.37687019230769236], [0.25404027777777777, 0.29360555555555556, 0.2994888888888889, 0.5265291666666667, 0.22892916666666668, 0.3060222222222222, 0.12539722222222224, 0.6397944444444444, 0.294825, 0.6792], [0.2438269230769231, 0.2528641025641026, 0.4719948717948718, 0.6945884615384615, 0.25575641025641027, 0.5889102564102564, 0.15453846153846154, 0.5024935897435898, 0.6269538461538462, 0.8073]], "work": [[0.7638, 1.366075, 1.7289277777777776, 0.8030833333333333, 1.9300333333333333, 0.6937833333333333, 0.7928777777777778, 0.3705027777777778, 0.35045, 0.22886666666666666], [1.2941763157894737, 1.3810263157894738, 1.780523684210526, 1.1676736842105264, 1.3264736842105262, 0.9015947368421052, 0.8344, 0.5217315789473684, 0.7126, 0.40333684210526316], [1.0731275862068963, 1.16655, 2.3639, 1.2351482758620689, 2.6108689655172417, 1.1637810344827586, 1.1266586206896552, 0.4577224137931034, 0.5921896551724138, 0.055493103448275856], [0.6570681818181817, 1.0084454545454546, 1.62815, 2.0929090909090906, 1.57545, 2.0655636363636365, 0.7645772727272728, 0.8758500000000001, 0.6951954545454545, 0.27547954545454545], [0.9142263157894737, 0.6632368421052631, 1.992505263157895, 0.9121026315789473, 2.6871, 1.0479236842105264, 1.4602052631578948, 0.46927500000000005, 0.7774236842105263, 0.10014868421052632], [0.34689166666666665, 0.4758416666666666, 0.9374902777777778, 1.2622888888888888, 1.1061416666666668, 1.4889, 1.0258819444444442, 1.1358222222222223, 0.7288125000000001, 0.5618124999999999], [0.5097071428571429, 0.5662, 1.1668964285714285, 0.6007392857142858, 1.981707142857143, 1.3189910714285713, 1.3424, 0.6545553571428571, 0.4307464285714286, 0.2075160714285714], [0.2899586956521739, 0.43099565217391306, 0.5771282608695651, 0.8377695652173914, 0.7753239130434784, 1.777808695652174, 0.79685, 1.5201999999999998, 0.862136956521739, 0.3534217391304348], [0.35045, 0.7521888888888889, 0.9540833333333334, 0.8496833333333333, 1.641227777777778, 1.4576250000000002, 0.67005, 1.1016194444444443, 1.5338, 0.6724749999999999], [0.4577333333333333, 0.851488888888889, 0.1788111111111111, 0.6733944444444444, 0.42285000000000006, 2.2472499999999997, 0.6456055555555555, 0.9031888888888889, 1.3449499999999999, 0.3329]], "school": [[5.9515, 3.4685916666666667, 0.53525, 0.0, 0.09015, 0.18120833333333333, 0.0, 0.18120833333333333, 0.8325999999999999, 0.0], [2.081155, 2.7162, 0.73307, 0.19701, 0.1631, 0.256045, 0.10872, 0.10091999999999998, 0.13508, 0.0], [0.53525, 1.2217833333333334, 0.2226, 0.3312833333333333, 0.8058, 0.05665, 0.1113, 0.047775000000000005, 0.1113, 0.0], [0.0, 0.2462625, 0.2484625, 1.6522, 0.38438125, 1.79273125, 0.12423125, 0.365575, 0.10119375, 0.10780624999999999], [0.07727142857142856, 0.233, 0.6906857142857142, 0.43929285714285715, 1.2366857142857144, 0.5922499999999999, 0.6956, 0.35594285714285717, 0.2318571428571429, 0.07765], [0.057223684210526315, 0.1347605263157895, 0.017889473684210525, 0.7548342105263158, 0.2181973684210526, 0.8327, 0.17658947368421052, 0.6360736842105263, 0.11045263157894736, 0.07273684210526317], [0.0, 0.1812, 0.1113, 0.16564166666666666, 0.8115333333333333, 0.5592, 0.0, 0.6836166666666667, 0.1356, 0.07504999999999999], [0.08363461538461539, 0.07763076923076923, 0.02205, 0.22496923076923075, 0.19166153846153847, 0.9296461538461538, 0.31551538461538464, 0.8570769230769231, 0.1284730769230769, 0.16129230769230768], [0.7136571428571428, 0.19297142857142857, 0.0954, 0.11565, 0.2318571428571429, 0.29979999999999996, 0.11622857142857143, 0.23859285714285713, 0.0, 0.35855], [0.0, 0.0, 0.0, 0.17248999999999998, 0.10871, 0.27640000000000003, 0.09006, 0.41936, 0.5019699999999999, 0.3306]], "leisure": [[3.7823999999999995, 1.7878602941176471, 0.6558882352941177, 0.4701573529411765, 0.30767352941176473, 0.18234117647058823, 0.26056029411764703, 0.15524999999999997, 0.24979264705882354, 0.12195], [1.7878602941176471, 1.8983000000000003, 0.8551014705882353, 0.8096205882352941, 0.31619117647058825, 0.5338911764705883, 0.27699117647058824, 0.3489264705882353, 0.32830882352941176, 0.19563235294117648], [0.8259333333333333, 1.0767944444444444, 1.7054999999999998, 1.0330314814814814, 0.65025, 0.5810444444444445, 0.22276296296296294, 0.2791962962962963, 0.3355314814814815, 0.13005555555555556], [0.333028125, 0.57348125, 0.5810802083333333, 1.233, 0.40005312500000006, 0.6500916666666667, 0.25125624999999996, 0.34213333333333334, 0.24863749999999998, 0.3166625], [0.38744074074074075, 0.39816666666666667, 0.65025, 0.7112055555555556, 0.8788000000000001, 0.7098055555555555, 0.49731111111111104, 0.2939277777777778, 0.499062962962963, 0.16201666666666664], [0.16314736842105262, 0.4776921052631579, 0.41284736842105263, 0.8211684210526317, 0.5043355263157894, 0.801, 0.23578552631578945, 0.3344026315789474, 0.3750842105263158, 0.5870684210526316], [0.3851760869565217, 0.40946521739130437, 0.26150434782608695, 0.5243608695652173, 0.5838, 0.3895586956521739, 0.693, 0.4708826086956521, 0.8280282608695653, 0.32934130434782605], [0.16495312499999998, 0.370734375, 0.235571875, 0.5132, 0.2480015625, 0.397103125, 0.338446875, 1.0712, 0.641809375, 0.684328125], [0.339718, 0.4465, 0.36237400000000003, 0.477384, 0.538988, 0.570128, 0.7617860000000001, 0.821516, 2.1165, 0.7586160000000001], [0.13821, 0.22171666666666667, 0.11705, 0.50666, 0.14581499999999997, 0.74362, 0.25249499999999997, 0.72995, 0.6321800000000001, 1.5199]],