{"Yellow": [[0.4818, 0.31387521367521365, 0.24415128205128206, 0.13932521367521367, 0.14235598290598292, 0.1401897435897436, 0.24408760683760686, 0.26867948717948714, 0.271124358974359, 0.2113619658119658], [0.3785917525773196, 0.2889, 0.22613814432989693, 0.13564948453608247, 0.10887371134020617, 0.1934938144329897, 0.2612664948453608, 0.32902628865979383, 0.35954381443298966, 0.2772422680412371], [0.22404470588235295, 0.17204235294117648, 0.3012, 0.22084745098039218, 0.21643686274509805, 0.1765237254901961, 0.1485292156862745, 0.14882647058823528, 0.34480000000000005, 0.2613307843137255], [0.19522215568862275, 0.1575808383233533, 0.3372221556886228, 0.1709, 0.4349110778443114, 0.20463712574850298, 0.2113685628742515, 0.18931976047904192, 0.35757305389221555, 0.3902425149700599], [0.09202016574585636, 0.05834668508287292, 0.1524624309392265, 0.20063577348066297, 0.3506, 0.26504917127071825, 0.18894309392265193, 0.11419309392265192, 0.24371477900552485, 0.23635193370165744], [0.09620058651026393, 0.11008152492668623, 0.13200454545454546, 0.10021818181818182, 0.2813718475073314, 0.2297, 0.25406788856304985, 0.12016759530791787, 0.2249325513196481, 0.2582140762463343], [0.1891274834437086, 0.16783344370860925, 0.1254137417218543, 0.11688261589403973, 0.2264814569536424, 0.28687798013245036, 0.3235, 0.2800135761589404, 0.2178592715231788, 0.2584771523178808], [0.29938571428571426, 0.3039576190476191, 0.18071785714285715, 0.1505542857142857, 0.19684714285714286, 0.1951292857142857, 0.4026861904761905, 0.23279999999999998, 0.40479666666666675, 0.2778333333333333], [0.12638067729083666, 0.13894721115537848, 0.17514741035856576, 0.11895358565737052, 0.1757465139442231, 0.15279282868525895, 0.13106274900398404, 0.16933725099601596, 0.3786868525896414, 0.5271229083665339], [0.10751891304347826, 0.11692391304347825, 0.14486815217391302, 0.141675, 0.18599869565217392, 0.19141521739130435, 0.1696958695652174, 0.12683695652173912, 0.5752515217391304, 0.3211]], "Orange": [[0.3623, 0.29791290322580644, 0.12533440860215053, 0.07043467741935484, 0.09568870967741934, 0.12171935483870969, 0.1563677419354839, 0.24959381720430107, 0.2143284946236559, 0.17773413978494623], [0.34204814814814816, 0.2873, 0.1676037037037037, 0.04946574074074075, 0.08396666666666666, 0.12199074074074072, 0.236575, 0.23368672839506174, 0.2316472222222222, 0.20629074074074075], [0.15751486486486485, 0.18345810810810811, 0.1848, 0.150777027027027, 0.21962837837837834, 0.18385945945945945, 0.17245777027027026, 0.1467320945945946, 0.3213378378378378, 0.22931554054054057], [0.10155697674418605, 0.06211976744186047, 0.172984496124031, 0.1198, 0.3349488372093023, 0.19815310077519382, 0.12102209302325581, 0.16943449612403103, 0.33646279069767443, 0.3253093023255814], [0.07062738095238094, 0.053978571428571424, 0.1289880952380952, 0.17146190476190476, 0.248, 0.29552777777777783, 0.14452380952380953, 0.12716527777777778, 0.21584166666666665, 0.2601436507936508], [0.10107053571428572, 0.08822544642857141, 0.12147857142857142, 0.11411495535714287, 0.33246875000000004, 0.19449999999999998, 0.25575625, 0.1192296875, 0.22519040178571428, 0.23976875000000003], [0.1446985074626866, 0.1906723880597015, 0.12698383084577114, 0.07767089552238807, 0.18119402985074629, 0.2850218905472637, 0.1977, 0.2761599502487562, 0.16638955223880597, 0.2186318407960199], [0.2883506211180124, 0.23513819875776398, 0.13488416149068325, 0.1357580745341615, 0.1990413043478261, 0.16588478260869566, 0.3447711180124224, 0.1951, 0.45621459627329186, 0.24392639751552792], [0.12266184615384615, 0.11546723076923075, 0.14633230769230768, 0.13354984615384616, 0.1673603076923077, 0.15520815384615386, 0.10290553846153845, 0.2260016923076923, 0.2942, 0.4725547692307693], [0.10298613707165108, 0.10410934579439253, 0.10572803738317758, 0.13073177570093458, 0.2042249221183801, 0.1673152647975078, 0.13690031152647975, 0.12234314641744547, 0.4784433021806854, 0.2571]], "Red": [[0.3401, 0.2318936305732484, 0.19043471337579615, 0.0765063694267516, 0.06836528662420382, 0.14568057324840766, 0.16436464968152867, 0.2295076433121019, 0.22482898089171974, 0.16934745222929937], [0.2936072580645161, 0.3594, 0.1772225806451613, 0.09273588709677419, 0.05338508064516129, 0.13491048387096777, 0.1919266129032258, 0.26373749999999996, 0.28089354838709674, 0.1809423387096774], [0.19669901315789473, 0.1445763157894737, 0.302, 0.17928355263157894, 0.12993355263157896, 0.12269111842105263, 0.12430625000000002, 0.07629671052631579, 0.20364078947368422, 0.23689934210526314], [0.1349606741573034, 0.1292050561797753, 0.3061921348314607, 0.0935, 0.3252511235955056, 0.14432022471910114, 0.09970674157303369, 0.13978820224719102, 0.24266011235955057, 0.24965056179775277], [0.058018108108108105, 0.03578243243243243, 0.10675621621621624, 0.15647216216216217, 0.232, 0.21758918918918918, 0.11879702702702703, 0.10787567567567569, 0.1518918918918919, 0.2343316216216216], [0.13695718562874254, 0.10017305389221559, 0.11167095808383233, 0.07691317365269461, 0.24104191616766465, 0.1702, 0.18307874251497006, 0.10110748502994014, 0.22237245508982037, 0.21600479041916168], [0.19402443609022557, 0.1789390977443609, 0.14206428571428573, 0.06672105263157894, 0.16524398496240603, 0.22988082706766916, 0.1813, 0.22944661654135337, 0.15747781954887222, 0.17337669172932332], [0.38744838709677415, 0.35164999999999996, 0.12469999999999999, 0.1337758064516129, 0.21459139784946238, 0.18155860215053768, 0.3281333333333333, 0.2216, 0.4110741935483871, 0.26421827956989247], [0.1791784263959391, 0.17680609137055836, 0.15712385786802033, 0.10962817258883249, 0.14263959390862946, 0.1885086294416244, 0.10631751269035535, 0.19406040609137057, 0.3001, 0.44127817258883245], [0.10592649402390439, 0.0893898406374502, 0.1434609561752988, 0.0885215139442231, 0.17271454183266932, 0.14371633466135458, 0.09186892430278885, 0.09789760956175299, 0.34634183266932267, 0.2251852589641434]]}